,,,,,,,,,,,,,,
,,税抜,,,,,,,,,,,,
,,※前提として葬儀は市の斎場,,,,,葬儀,,,,,火葬のみ,,
,,,,,,,2日葬,1日葬,こっそり家族葬,お別れ自宅葬,,直葬のみ,面会火葬式,お別れ火葬式
,,,,基本プラン,,基本料金にまとめるので一旦ブランク→," 700,000 "," 500,000 "," 350,000 ","¥400,000",," 150,000 ","¥250,000","¥350,000"
,,,,,,,"2日、1日葬の違い
・運営人件費
・料理
・お布施
・会館使用料",,,,,,,
,,項目,詳細,ランク,原価,オプション(販売)金額,,,,,,LS安置場→火葬場,,
,,搬送料金（最長20ｋｍ）,（出発地点～安置場所）（安置場所～火葬場）,,,,,,,,,●,,
,,搬送料金（最長50ｋｍ）,（出発地点～安置場所）（安置場所～火葬場）,,,,●,●,●,●,,,●,●
,,安置施設,弊社にてお預かり安置室利用料,,,,●,●,●,●,,●(プラン外必要日数),●,●
,,ドライアイス,お預かり安置もしくはご自宅にてドライアイス,,,,●,●,●,●,,●(プラン外必要日数),●,●
,,枕飾り一式,白木机・香炉・リン・線香・ろうそく,," 3,000 ",,●,●,●,●,,,●,●
,,役所・火葬場手続き代行,役所に提出する死亡届、死亡診断書の代行,,,,●,●,●,●,,●,●,●
,,プロの納棺師,納棺師による清拭・着せ替え・メイク,," 25,000 "," 50,000 ",●,●,,●,," 50,000 "," 50,000 "," 50,000 "
,,湯灌,故人の体を洗い清め、旅立ちを整える儀式。,," 55,000 "," 100,000 "," 100,000 "," 100,000 "," 100,000 "," 100,000 ",," 100,000 "," 100,000 "," 100,000 "
,,お棺・仏衣一式・布団,棺：布無し・色なし　180ｃｍ,基本プラン," 16,200 ",,●,●,●,●,,●,●,●
,,,風雅アイボリー,," 22,000 "," 37,450 "," 37,450 "," 37,450 "," 37,450 "," 37,450 ",,," 37,450 "," 37,450 "
,,,風雅パープル,," 22,000 "," 37,450 "," 37,450 "," 37,450 "," 37,450 "," 37,450 ",,," 37,450 "," 37,450 "
,,,風雅シルバー,," 22,000 "," 37,450 "," 37,450 "," 37,450 "," 37,450 "," 37,450 ",,," 37,450 "," 37,450 "
,,,楽園,," 20,000 "," 34,000 "," 34,000 "," 34,000 "," 34,000 "," 34,000 ",,," 34,000 "," 34,000 "
,,,COSMO【白銀】,," 25,000 "," 42,500 "," 42,500 "," 42,500 "," 42,500 "," 42,500 ",,," 42,500 "," 42,500 "
,,,COSMO【桃】,," 25,000 "," 42,500 "," 42,500 "," 42,500 "," 42,500 "," 42,500 ",,," 42,500 "," 42,500 "
,,,COSMO【琥珀】,," 25,000 "," 42,500 "," 42,500 "," 42,500 "," 42,500 "," 42,500 ",,," 42,500 "," 42,500 "
,,,月見桜,," 35,000 "," 59,500 "," 59,500 "," 59,500 "," 59,500 "," 59,500 ",,," 59,500 "," 59,500 "
,,,扇富士,," 35,000 "," 59,500 "," 59,500 "," 59,500 "," 59,500 "," 59,500 ",,," 59,500 "," 59,500 "
,,祭壇,"[サイズ]約Ｗ1,800　白を基調とした、シンプルで清楚な印象",BC-39," 40,000 ",,,●,,,,,,
,,,"[サイズ]約Ｗ1,800　白を基調とした、シンプルで清楚な印象",BC-40," 40,000 ",,,●,,,,,,
,,,"[サイズ]約Ｗ1,800　20名以上推奨　カラー背景と花の増量で、華やかさをプラス",FO-01," 50,000 ","1日葬：ランクアップ100,000円",●," 100,000 "," 100,000 ",,,,,
,,,"[サイズ]約Ｗ1,800　20名以上推奨　カラー背景と花の増量で、華やかさをプラス",FO-02," 50,000 ","1日葬はランクアップ100,000円",●," 100,000 "," 100,000 ",,,,,
,,,"[サイズ]約Ｗ1,800　20名以上推奨　カラー背景と花の増量で、華やかさをプラス",FO-03," 50,000 ","1日葬はランクアップ100,000円",●," 100,000 "," 100,000 ",,,,,
,,,"[サイズ]約Ｗ1,800　20名以上推奨　カラー背景と花の増量で、華やかさをプラス",FO-04," 50,000 ","1日葬はランクアップ100,000円",●," 100,000 "," 100,000 ",,,,,
,,,"[サイズ]約Ｗ1,800　20名以上推奨　カラー背景と花の増量で、華やかさをプラス",FO-30," 50,000 ","1日葬はランクアップ100,000円",●," 100,000 "," 100,000 ",,,,,
,,,"[サイズ]約Ｗ1,800　20名以上推奨　カラー背景と花の増量で、華やかさをプラス",FO-31," 50,000 ","1日葬はランクアップ100,000円",●," 100,000 "," 100,000 ",,,,,
,,,"[サイズ]約Ｗ1,800　20名以上推奨　カラー背景と花の増量で、華やかさをプラス",FO-32," 50,000 ","1日葬はランクアップ100,000円",●," 100,000 "," 100,000 ",,,,,
,,,"[サイズ]約Ｗ3,000名以上推奨　カラー背景と花の増量で、華やかさをプラス",FO-33," 100,000 ","1日、2日 両方ともはランクアップ200,000円"," 200,000 "," 200,000 "," 100,000 ",,,,,
,,,"[サイズ]約Ｗ3,000名以上推奨　カラー背景と花の増量で、華やかさをプラス",FO-34," 100,000 ","1日、2日 両方ともはランクアップ200,000円"," 200,000 "," 200,000 "," 100,000 ",,,,,
,,,"[サイズ]約Ｗ3,000名以上推奨　カラー背景と花の増量で、華やかさをプラス",FO-35," 100,000 ","1日、2日 両方ともはランクアップ200,000円"," 200,000 "," 200,000 "," 100,000 ",,,,,
,,,"[サイズ]約Ｗ3,000名以上推奨　カラー背景と花の増量で、華やかさをプラス",FO-14," 130,000 ","1日、2日 両方ともはランクアップ200,000円"," 250,000 "," 250,000 "," 100,000 ",,,,,
,,,"[サイズ]約Ｗ4,500　50名以上推奨
式場全体を彩る圧倒的な華やかさ
集まりいただいた皆様の記憶に残る、非常に手厚いお見送り",FO-18," 260,000 ","1日、2日両方ともランクアップは500,000円"," 500,000 "," 500,000 "," 100,000 ",,,,,
,,,"[サイズ]約Ｗ4,500 ",BC-21," 250,000 ","1日、2日両方ともランクアップは500,000円"," 500,000 "," 500,000 "," 100,000 ",,,,,
,,,"[サイズ]約Ｗ4,500",BC-22," 250,000 ","1日、2日両方ともランクアップは500,000円"," 500,000 "," 500,000 "," 100,000 ",,,,,
,,,"[サイズ]約Ｗ4,500",BC-23," 250,000 ","1日、2日両方ともランクアップは500,000円"," 500,000 "," 500,000 "," 100,000 ",,,,,
,,,"[サイズ]約Ｗ4,500",BC-24," 250,000 ","1日、2日両方ともランクアップは500,000円"," 500,000 "," 500,000 "," 100,000 ",,,,,
,,,"[サイズ]約Ｗ4,500",FO-19," 360,000 ","1日、2日両方ともランクアップは700,000円"," 700,000 "," 700,000 "," 100,000 ",,,,,
,,祭壇前装飾生け花,,," 30,000 ",,,,●,●,,,,
,,供花,会社関係や親族が出すもの　/ 祭壇との組み合わせなので基本オプション,YW-3," 9,000 "," 18,000 "," 18,000 "," 18,000 "," 18,000 "," 18,000 ",,,," 18,000 "
,,,,YW-2," 12,000 "," 24,000 "," 24,000 "," 24,000 "," 24,000 "," 24,000 ",,,," 24,000 "
,,,,YW-1," 18,000 "," 36,000 "," 36,000 "," 36,000 "," 36,000 "," 36,000 ",,,," 36,000 "
,,遺影写真,カラー額　四つ切サイズ＋手札サイズ,," 2,300 ",,●,●,●,●,,オプション,オプション,●
,,,カラー額　四つ切サイズ＋手札サイズ＋リボン,," 2,680 "," 1,000 "," 1,000 "," 1,000 "," 1,000 "," 1,000 ",," 1,000 "," 1,000 "," 1,000 "
,,,⾃⽴式スリム写真額 (四つ切)+手札サイズ,," 2,900 "," 2,000 "," 2,000 "," 2,000 "," 2,000 "," 2,000 ",," 2,000 "," 2,000 "," 2,000 "
,,白木位牌,一般的な物となります,,,,●,●,●,●,,,,●
,,受付セット,受付に必要なセット一式,,,,●,●,,,,,,
,,会葬礼状,オリジナル会葬礼状３０枚,,,,●,●,,,,,,
,,お別れ用お盆花,お棺の中にお入れする生花(祭壇無しの場合は用意),," 3,000 ",,,,,,,,,●
,,,,数量単位," 3,000 ","お盆１つ追加で20,000円UP",,,,,," 20,000 "," 20,000 "," 20,000 "
,,お別れ用花束,火葬場にお持ちする花束,," 2,000 ",,●,●,●,●,,●,●,●
,,骨壷・骨箱,白壷,基本プラン," 2,500 ",,●,●,●,●,,●,●,●
,,,,,," 30,000 ",オプション,オプション,オプション,オプション,,オプション,オプション,オプション
,,,,,," 30,000 ",オプション,オプション,オプション,オプション,,オプション,オプション,オプション
,,,,,," 30,000 ",オプション,オプション,オプション,オプション,,オプション,オプション,オプション
,,,,,," 30,000 ",オプション,オプション,オプション,オプション,,オプション,オプション,オプション
,,,,,," 30,000 ",オプション,オプション,オプション,オプション,,オプション,オプション,オプション
,,,,,," 30,000 ",オプション,オプション,オプション,オプション,,オプション,オプション,オプション
,,,,,," 30,000 ",オプション,オプション,オプション,オプション,,オプション,オプション,オプション
,,後飾り祭壇,骨壺をお飾りする仮祭壇・線香・ろうそく・焼香セット,," 3,480 ",,●,●,●,●,,,●,●
,,案内看板,祭壇横などに飾る,,,,●,●,,,,,,
,,司会進行・運営スタッフ,お葬式の司会・運営のサポートをいたします。,,,,●,●,●,●,,●,●,●
,,,,,,,,,,,,,,
,,火葬料金,,,,,●,●,●,●,,●,●,●
,,控室料金,,,,,●,●,●,●,,,,●
,,斎場料金,,,,,●,●,●,●,,,,●
,, ,,,,,,,,,,,,
,,会葬御礼品,,,,,親族ヒアリング,親族ヒアリング,親族ヒアリング,,,,,
,,香典返し,,,,,親族ヒアリング,親族ヒアリング,親族ヒアリング,,,,,
,,供花,,,,,親族ヒアリング,親族ヒアリング,親族ヒアリング,,,,,
,,料理,,,,,親族ヒアリング,親族ヒアリング,親族ヒアリング,,,,,